--
-- PostgreSQL database dump
--

\restrict 8hVv0VSmzRxznmEb5pFLBkklTpwKUL5hXhb3IQ1rNDbaqO04GH2aSpmglC5Wmli

-- Dumped from database version 14.19 (Ubuntu 14.19-0ubuntu0.22.04.1)
-- Dumped by pg_dump version 15.15 (Ubuntu 15.15-1.pgdg22.04+1)

SET statement_timeout = 0;
SET lock_timeout = 0;
SET idle_in_transaction_session_timeout = 0;
SET client_encoding = 'UTF8';
SET standard_conforming_strings = on;
SELECT pg_catalog.set_config('search_path', '', false);
SET check_function_bodies = false;
SET xmloption = content;
SET client_min_messages = warning;
SET row_security = off;

--
-- Name: public; Type: SCHEMA; Schema: -; Owner: postgres
--

-- *not* creating schema, since initdb creates it


ALTER SCHEMA public OWNER TO postgres;

SET default_tablespace = '';

SET default_table_access_method = heap;

--
-- Name: auth_group; Type: TABLE; Schema: public; Owner: chakri
--

CREATE TABLE public.auth_group (
    id integer NOT NULL,
    name character varying(150) NOT NULL
);


ALTER TABLE public.auth_group OWNER TO chakri;

--
-- Name: auth_group_id_seq; Type: SEQUENCE; Schema: public; Owner: chakri
--

ALTER TABLE public.auth_group ALTER COLUMN id ADD GENERATED BY DEFAULT AS IDENTITY (
    SEQUENCE NAME public.auth_group_id_seq
    START WITH 1
    INCREMENT BY 1
    NO MINVALUE
    NO MAXVALUE
    CACHE 1
);


--
-- Name: auth_group_permissions; Type: TABLE; Schema: public; Owner: chakri
--

CREATE TABLE public.auth_group_permissions (
    id bigint NOT NULL,
    group_id integer NOT NULL,
    permission_id integer NOT NULL
);


ALTER TABLE public.auth_group_permissions OWNER TO chakri;

--
-- Name: auth_group_permissions_id_seq; Type: SEQUENCE; Schema: public; Owner: chakri
--

ALTER TABLE public.auth_group_permissions ALTER COLUMN id ADD GENERATED BY DEFAULT AS IDENTITY (
    SEQUENCE NAME public.auth_group_permissions_id_seq
    START WITH 1
    INCREMENT BY 1
    NO MINVALUE
    NO MAXVALUE
    CACHE 1
);


--
-- Name: auth_permission; Type: TABLE; Schema: public; Owner: chakri
--

CREATE TABLE public.auth_permission (
    id integer NOT NULL,
    name character varying(255) NOT NULL,
    content_type_id integer NOT NULL,
    codename character varying(100) NOT NULL
);


ALTER TABLE public.auth_permission OWNER TO chakri;

--
-- Name: auth_permission_id_seq; Type: SEQUENCE; Schema: public; Owner: chakri
--

ALTER TABLE public.auth_permission ALTER COLUMN id ADD GENERATED BY DEFAULT AS IDENTITY (
    SEQUENCE NAME public.auth_permission_id_seq
    START WITH 1
    INCREMENT BY 1
    NO MINVALUE
    NO MAXVALUE
    CACHE 1
);


--
-- Name: auth_user; Type: TABLE; Schema: public; Owner: chakri
--

CREATE TABLE public.auth_user (
    id integer NOT NULL,
    password character varying(128) NOT NULL,
    last_login timestamp with time zone,
    is_superuser boolean NOT NULL,
    username character varying(150) NOT NULL,
    first_name character varying(150) NOT NULL,
    last_name character varying(150) NOT NULL,
    email character varying(254) NOT NULL,
    is_staff boolean NOT NULL,
    is_active boolean NOT NULL,
    date_joined timestamp with time zone NOT NULL
);


ALTER TABLE public.auth_user OWNER TO chakri;

--
-- Name: auth_user_groups; Type: TABLE; Schema: public; Owner: chakri
--

CREATE TABLE public.auth_user_groups (
    id bigint NOT NULL,
    user_id integer NOT NULL,
    group_id integer NOT NULL
);


ALTER TABLE public.auth_user_groups OWNER TO chakri;

--
-- Name: auth_user_groups_id_seq; Type: SEQUENCE; Schema: public; Owner: chakri
--

ALTER TABLE public.auth_user_groups ALTER COLUMN id ADD GENERATED BY DEFAULT AS IDENTITY (
    SEQUENCE NAME public.auth_user_groups_id_seq
    START WITH 1
    INCREMENT BY 1
    NO MINVALUE
    NO MAXVALUE
    CACHE 1
);


--
-- Name: auth_user_id_seq; Type: SEQUENCE; Schema: public; Owner: chakri
--

ALTER TABLE public.auth_user ALTER COLUMN id ADD GENERATED BY DEFAULT AS IDENTITY (
    SEQUENCE NAME public.auth_user_id_seq
    START WITH 1
    INCREMENT BY 1
    NO MINVALUE
    NO MAXVALUE
    CACHE 1
);


--
-- Name: auth_user_user_permissions; Type: TABLE; Schema: public; Owner: chakri
--

CREATE TABLE public.auth_user_user_permissions (
    id bigint NOT NULL,
    user_id integer NOT NULL,
    permission_id integer NOT NULL
);


ALTER TABLE public.auth_user_user_permissions OWNER TO chakri;

--
-- Name: auth_user_user_permissions_id_seq; Type: SEQUENCE; Schema: public; Owner: chakri
--

ALTER TABLE public.auth_user_user_permissions ALTER COLUMN id ADD GENERATED BY DEFAULT AS IDENTITY (
    SEQUENCE NAME public.auth_user_user_permissions_id_seq
    START WITH 1
    INCREMENT BY 1
    NO MINVALUE
    NO MAXVALUE
    CACHE 1
);


--
-- Name: django_admin_log; Type: TABLE; Schema: public; Owner: chakri
--

CREATE TABLE public.django_admin_log (
    id integer NOT NULL,
    action_time timestamp with time zone NOT NULL,
    object_id text,
    object_repr character varying(200) NOT NULL,
    action_flag smallint NOT NULL,
    change_message text NOT NULL,
    content_type_id integer,
    user_id integer NOT NULL,
    CONSTRAINT django_admin_log_action_flag_check CHECK ((action_flag >= 0))
);


ALTER TABLE public.django_admin_log OWNER TO chakri;

--
-- Name: django_admin_log_id_seq; Type: SEQUENCE; Schema: public; Owner: chakri
--

ALTER TABLE public.django_admin_log ALTER COLUMN id ADD GENERATED BY DEFAULT AS IDENTITY (
    SEQUENCE NAME public.django_admin_log_id_seq
    START WITH 1
    INCREMENT BY 1
    NO MINVALUE
    NO MAXVALUE
    CACHE 1
);


--
-- Name: django_content_type; Type: TABLE; Schema: public; Owner: chakri
--

CREATE TABLE public.django_content_type (
    id integer NOT NULL,
    app_label character varying(100) NOT NULL,
    model character varying(100) NOT NULL
);


ALTER TABLE public.django_content_type OWNER TO chakri;

--
-- Name: django_content_type_id_seq; Type: SEQUENCE; Schema: public; Owner: chakri
--

ALTER TABLE public.django_content_type ALTER COLUMN id ADD GENERATED BY DEFAULT AS IDENTITY (
    SEQUENCE NAME public.django_content_type_id_seq
    START WITH 1
    INCREMENT BY 1
    NO MINVALUE
    NO MAXVALUE
    CACHE 1
);


--
-- Name: django_migrations; Type: TABLE; Schema: public; Owner: chakri
--

CREATE TABLE public.django_migrations (
    id bigint NOT NULL,
    app character varying(255) NOT NULL,
    name character varying(255) NOT NULL,
    applied timestamp with time zone NOT NULL
);


ALTER TABLE public.django_migrations OWNER TO chakri;

--
-- Name: django_migrations_id_seq; Type: SEQUENCE; Schema: public; Owner: chakri
--

ALTER TABLE public.django_migrations ALTER COLUMN id ADD GENERATED BY DEFAULT AS IDENTITY (
    SEQUENCE NAME public.django_migrations_id_seq
    START WITH 1
    INCREMENT BY 1
    NO MINVALUE
    NO MAXVALUE
    CACHE 1
);


--
-- Name: django_session; Type: TABLE; Schema: public; Owner: chakri
--

CREATE TABLE public.django_session (
    session_key character varying(40) NOT NULL,
    session_data text NOT NULL,
    expire_date timestamp with time zone NOT NULL
);


ALTER TABLE public.django_session OWNER TO chakri;

--
-- Name: store_cart; Type: TABLE; Schema: public; Owner: chakri
--

CREATE TABLE public.store_cart (
    id bigint NOT NULL,
    created_at timestamp with time zone NOT NULL,
    user_id integer
);


ALTER TABLE public.store_cart OWNER TO chakri;

--
-- Name: store_cart_id_seq; Type: SEQUENCE; Schema: public; Owner: chakri
--

ALTER TABLE public.store_cart ALTER COLUMN id ADD GENERATED BY DEFAULT AS IDENTITY (
    SEQUENCE NAME public.store_cart_id_seq
    START WITH 1
    INCREMENT BY 1
    NO MINVALUE
    NO MAXVALUE
    CACHE 1
);


--
-- Name: store_cartitem; Type: TABLE; Schema: public; Owner: chakri
--

CREATE TABLE public.store_cartitem (
    id bigint NOT NULL,
    quantity integer NOT NULL,
    cart_id bigint NOT NULL,
    product_id bigint NOT NULL,
    CONSTRAINT store_cartitem_quantity_check CHECK ((quantity >= 0))
);


ALTER TABLE public.store_cartitem OWNER TO chakri;

--
-- Name: store_cartitem_id_seq; Type: SEQUENCE; Schema: public; Owner: chakri
--

ALTER TABLE public.store_cartitem ALTER COLUMN id ADD GENERATED BY DEFAULT AS IDENTITY (
    SEQUENCE NAME public.store_cartitem_id_seq
    START WITH 1
    INCREMENT BY 1
    NO MINVALUE
    NO MAXVALUE
    CACHE 1
);


--
-- Name: store_catogory; Type: TABLE; Schema: public; Owner: chakri
--

CREATE TABLE public.store_catogory (
    id bigint NOT NULL,
    name character varying(340) NOT NULL,
    slug character varying(50) NOT NULL
);


ALTER TABLE public.store_catogory OWNER TO chakri;

--
-- Name: store_catogory_id_seq; Type: SEQUENCE; Schema: public; Owner: chakri
--

ALTER TABLE public.store_catogory ALTER COLUMN id ADD GENERATED BY DEFAULT AS IDENTITY (
    SEQUENCE NAME public.store_catogory_id_seq
    START WITH 1
    INCREMENT BY 1
    NO MINVALUE
    NO MAXVALUE
    CACHE 1
);


--
-- Name: store_order; Type: TABLE; Schema: public; Owner: chakri
--

CREATE TABLE public.store_order (
    id bigint NOT NULL,
    created_at timestamp with time zone NOT NULL,
    total_amount numeric(10,2) NOT NULL,
    user_id integer
);


ALTER TABLE public.store_order OWNER TO chakri;

--
-- Name: store_order_id_seq; Type: SEQUENCE; Schema: public; Owner: chakri
--

ALTER TABLE public.store_order ALTER COLUMN id ADD GENERATED BY DEFAULT AS IDENTITY (
    SEQUENCE NAME public.store_order_id_seq
    START WITH 1
    INCREMENT BY 1
    NO MINVALUE
    NO MAXVALUE
    CACHE 1
);


--
-- Name: store_orderitem; Type: TABLE; Schema: public; Owner: chakri
--

CREATE TABLE public.store_orderitem (
    id bigint NOT NULL,
    quantity integer NOT NULL,
    price numeric(10,2) NOT NULL,
    order_id bigint NOT NULL,
    product_id bigint NOT NULL,
    CONSTRAINT store_orderitem_quantity_check CHECK ((quantity >= 0))
);


ALTER TABLE public.store_orderitem OWNER TO chakri;

--
-- Name: store_orderitem_id_seq; Type: SEQUENCE; Schema: public; Owner: chakri
--

ALTER TABLE public.store_orderitem ALTER COLUMN id ADD GENERATED BY DEFAULT AS IDENTITY (
    SEQUENCE NAME public.store_orderitem_id_seq
    START WITH 1
    INCREMENT BY 1
    NO MINVALUE
    NO MAXVALUE
    CACHE 1
);


--
-- Name: store_product; Type: TABLE; Schema: public; Owner: chakri
--

CREATE TABLE public.store_product (
    id bigint NOT NULL,
    image character varying(100),
    descriptions text NOT NULL,
    name character varying(244) NOT NULL,
    price numeric(10,2) NOT NULL,
    created_at timestamp with time zone NOT NULL,
    catogory_id bigint NOT NULL
);


ALTER TABLE public.store_product OWNER TO chakri;

--
-- Name: store_product_id_seq; Type: SEQUENCE; Schema: public; Owner: chakri
--

ALTER TABLE public.store_product ALTER COLUMN id ADD GENERATED BY DEFAULT AS IDENTITY (
    SEQUENCE NAME public.store_product_id_seq
    START WITH 1
    INCREMENT BY 1
    NO MINVALUE
    NO MAXVALUE
    CACHE 1
);


--
-- Name: store_userprofile; Type: TABLE; Schema: public; Owner: chakri
--

CREATE TABLE public.store_userprofile (
    id bigint NOT NULL,
    phone character varying(13) NOT NULL,
    address text NOT NULL,
    user_id integer NOT NULL
);


ALTER TABLE public.store_userprofile OWNER TO chakri;

--
-- Name: store_userprofile_id_seq; Type: SEQUENCE; Schema: public; Owner: chakri
--

ALTER TABLE public.store_userprofile ALTER COLUMN id ADD GENERATED BY DEFAULT AS IDENTITY (
    SEQUENCE NAME public.store_userprofile_id_seq
    START WITH 1
    INCREMENT BY 1
    NO MINVALUE
    NO MAXVALUE
    CACHE 1
);


--
-- Data for Name: auth_group; Type: TABLE DATA; Schema: public; Owner: chakri
--

COPY public.auth_group (id, name) FROM stdin;
\.


--
-- Data for Name: auth_group_permissions; Type: TABLE DATA; Schema: public; Owner: chakri
--

COPY public.auth_group_permissions (id, group_id, permission_id) FROM stdin;
\.


--
-- Data for Name: auth_permission; Type: TABLE DATA; Schema: public; Owner: chakri
--

COPY public.auth_permission (id, name, content_type_id, codename) FROM stdin;
1	Can add log entry	1	add_logentry
2	Can change log entry	1	change_logentry
3	Can delete log entry	1	delete_logentry
4	Can view log entry	1	view_logentry
5	Can add permission	2	add_permission
6	Can change permission	2	change_permission
7	Can delete permission	2	delete_permission
8	Can view permission	2	view_permission
9	Can add group	3	add_group
10	Can change group	3	change_group
11	Can delete group	3	delete_group
12	Can view group	3	view_group
13	Can add user	4	add_user
14	Can change user	4	change_user
15	Can delete user	4	delete_user
16	Can view user	4	view_user
17	Can add content type	5	add_contenttype
18	Can change content type	5	change_contenttype
19	Can delete content type	5	delete_contenttype
20	Can view content type	5	view_contenttype
21	Can add session	6	add_session
22	Can change session	6	change_session
23	Can delete session	6	delete_session
24	Can view session	6	view_session
25	Can add catogory	7	add_catogory
26	Can change catogory	7	change_catogory
27	Can delete catogory	7	delete_catogory
28	Can view catogory	7	view_catogory
29	Can add order	8	add_order
30	Can change order	8	change_order
31	Can delete order	8	delete_order
32	Can view order	8	view_order
33	Can add product	9	add_product
34	Can change product	9	change_product
35	Can delete product	9	delete_product
36	Can view product	9	view_product
37	Can add order item	10	add_orderitem
38	Can change order item	10	change_orderitem
39	Can delete order item	10	delete_orderitem
40	Can view order item	10	view_orderitem
41	Can add user profile	11	add_userprofile
42	Can change user profile	11	change_userprofile
43	Can delete user profile	11	delete_userprofile
44	Can view user profile	11	view_userprofile
45	Can add cart	12	add_cart
46	Can change cart	12	change_cart
47	Can delete cart	12	delete_cart
48	Can view cart	12	view_cart
49	Can add cart item	13	add_cartitem
50	Can change cart item	13	change_cartitem
51	Can delete cart item	13	delete_cartitem
52	Can view cart item	13	view_cartitem
\.


--
-- Data for Name: auth_user; Type: TABLE DATA; Schema: public; Owner: chakri
--

COPY public.auth_user (id, password, last_login, is_superuser, username, first_name, last_name, email, is_staff, is_active, date_joined) FROM stdin;
\.


--
-- Data for Name: auth_user_groups; Type: TABLE DATA; Schema: public; Owner: chakri
--

COPY public.auth_user_groups (id, user_id, group_id) FROM stdin;
\.


--
-- Data for Name: auth_user_user_permissions; Type: TABLE DATA; Schema: public; Owner: chakri
--

COPY public.auth_user_user_permissions (id, user_id, permission_id) FROM stdin;
\.


--
-- Data for Name: django_admin_log; Type: TABLE DATA; Schema: public; Owner: chakri
--

COPY public.django_admin_log (id, action_time, object_id, object_repr, action_flag, change_message, content_type_id, user_id) FROM stdin;
\.


--
-- Data for Name: django_content_type; Type: TABLE DATA; Schema: public; Owner: chakri
--

COPY public.django_content_type (id, app_label, model) FROM stdin;
1	admin	logentry
2	auth	permission
3	auth	group
4	auth	user
5	contenttypes	contenttype
6	sessions	session
7	store	catogory
8	store	order
9	store	product
10	store	orderitem
11	store	userprofile
12	store	cart
13	store	cartitem
\.


--
-- Data for Name: django_migrations; Type: TABLE DATA; Schema: public; Owner: chakri
--

COPY public.django_migrations (id, app, name, applied) FROM stdin;
1	contenttypes	0001_initial	2025-12-05 23:50:38.661889+00
2	auth	0001_initial	2025-12-05 23:50:38.872127+00
3	admin	0001_initial	2025-12-05 23:50:38.935649+00
4	admin	0002_logentry_remove_auto_add	2025-12-05 23:50:38.955787+00
5	admin	0003_logentry_add_action_flag_choices	2025-12-05 23:50:38.978006+00
6	contenttypes	0002_remove_content_type_name	2025-12-05 23:50:39.002018+00
7	auth	0002_alter_permission_name_max_length	2025-12-05 23:50:39.014918+00
8	auth	0003_alter_user_email_max_length	2025-12-05 23:50:39.027194+00
9	auth	0004_alter_user_username_opts	2025-12-05 23:50:39.037999+00
10	auth	0005_alter_user_last_login_null	2025-12-05 23:50:39.05017+00
11	auth	0006_require_contenttypes_0002	2025-12-05 23:50:39.055338+00
12	auth	0007_alter_validators_add_error_messages	2025-12-05 23:50:39.066921+00
13	auth	0008_alter_user_username_max_length	2025-12-05 23:50:39.090257+00
14	auth	0009_alter_user_last_name_max_length	2025-12-05 23:50:39.105007+00
15	auth	0010_alter_group_name_max_length	2025-12-05 23:50:39.119052+00
16	auth	0011_update_proxy_permissions	2025-12-05 23:50:39.130003+00
17	auth	0012_alter_user_first_name_max_length	2025-12-05 23:50:39.145637+00
18	sessions	0001_initial	2025-12-05 23:50:39.183148+00
19	store	0001_initial	2025-12-05 23:50:39.36727+00
20	store	0002_alter_product_image	2025-12-05 23:50:39.396331+00
21	store	0003_cart_cartitem	2025-12-05 23:50:39.481484+00
22	store	0004_alter_order_user	2025-12-05 23:50:39.510121+00
\.


--
-- Data for Name: django_session; Type: TABLE DATA; Schema: public; Owner: chakri
--

COPY public.django_session (session_key, session_data, expire_date) FROM stdin;
\.


--
-- Data for Name: store_cart; Type: TABLE DATA; Schema: public; Owner: chakri
--

COPY public.store_cart (id, created_at, user_id) FROM stdin;
\.


--
-- Data for Name: store_cartitem; Type: TABLE DATA; Schema: public; Owner: chakri
--

COPY public.store_cartitem (id, quantity, cart_id, product_id) FROM stdin;
\.


--
-- Data for Name: store_catogory; Type: TABLE DATA; Schema: public; Owner: chakri
--

COPY public.store_catogory (id, name, slug) FROM stdin;
\.


--
-- Data for Name: store_order; Type: TABLE DATA; Schema: public; Owner: chakri
--

COPY public.store_order (id, created_at, total_amount, user_id) FROM stdin;
\.


--
-- Data for Name: store_orderitem; Type: TABLE DATA; Schema: public; Owner: chakri
--

COPY public.store_orderitem (id, quantity, price, order_id, product_id) FROM stdin;
\.


--
-- Data for Name: store_product; Type: TABLE DATA; Schema: public; Owner: chakri
--

COPY public.store_product (id, image, descriptions, name, price, created_at, catogory_id) FROM stdin;
\.


--
-- Data for Name: store_userprofile; Type: TABLE DATA; Schema: public; Owner: chakri
--

COPY public.store_userprofile (id, phone, address, user_id) FROM stdin;
\.


--
-- Name: auth_group_id_seq; Type: SEQUENCE SET; Schema: public; Owner: chakri
--

SELECT pg_catalog.setval('public.auth_group_id_seq', 1, false);


--
-- Name: auth_group_permissions_id_seq; Type: SEQUENCE SET; Schema: public; Owner: chakri
--

SELECT pg_catalog.setval('public.auth_group_permissions_id_seq', 1, false);


--
-- Name: auth_permission_id_seq; Type: SEQUENCE SET; Schema: public; Owner: chakri
--

SELECT pg_catalog.setval('public.auth_permission_id_seq', 52, true);


--
-- Name: auth_user_groups_id_seq; Type: SEQUENCE SET; Schema: public; Owner: chakri
--

SELECT pg_catalog.setval('public.auth_user_groups_id_seq', 1, false);


--
-- Name: auth_user_id_seq; Type: SEQUENCE SET; Schema: public; Owner: chakri
--

SELECT pg_catalog.setval('public.auth_user_id_seq', 1, false);


--
-- Name: auth_user_user_permissions_id_seq; Type: SEQUENCE SET; Schema: public; Owner: chakri
--

SELECT pg_catalog.setval('public.auth_user_user_permissions_id_seq', 1, false);


--
-- Name: django_admin_log_id_seq; Type: SEQUENCE SET; Schema: public; Owner: chakri
--

SELECT pg_catalog.setval('public.django_admin_log_id_seq', 1, false);


--
-- Name: django_content_type_id_seq; Type: SEQUENCE SET; Schema: public; Owner: chakri
--

SELECT pg_catalog.setval('public.django_content_type_id_seq', 13, true);


--
-- Name: django_migrations_id_seq; Type: SEQUENCE SET; Schema: public; Owner: chakri
--

SELECT pg_catalog.setval('public.django_migrations_id_seq', 22, true);


--
-- Name: store_cart_id_seq; Type: SEQUENCE SET; Schema: public; Owner: chakri
--

SELECT pg_catalog.setval('public.store_cart_id_seq', 1, false);


--
-- Name: store_cartitem_id_seq; Type: SEQUENCE SET; Schema: public; Owner: chakri
--

SELECT pg_catalog.setval('public.store_cartitem_id_seq', 1, false);


--
-- Name: store_catogory_id_seq; Type: SEQUENCE SET; Schema: public; Owner: chakri
--

SELECT pg_catalog.setval('public.store_catogory_id_seq', 1, false);


--
-- Name: store_order_id_seq; Type: SEQUENCE SET; Schema: public; Owner: chakri
--

SELECT pg_catalog.setval('public.store_order_id_seq', 1, false);


--
-- Name: store_orderitem_id_seq; Type: SEQUENCE SET; Schema: public; Owner: chakri
--

SELECT pg_catalog.setval('public.store_orderitem_id_seq', 1, false);


--
-- Name: store_product_id_seq; Type: SEQUENCE SET; Schema: public; Owner: chakri
--

SELECT pg_catalog.setval('public.store_product_id_seq', 1, false);


--
-- Name: store_userprofile_id_seq; Type: SEQUENCE SET; Schema: public; Owner: chakri
--

SELECT pg_catalog.setval('public.store_userprofile_id_seq', 1, false);


--
-- Name: auth_group auth_group_name_key; Type: CONSTRAINT; Schema: public; Owner: chakri
--

ALTER TABLE ONLY public.auth_group
    ADD CONSTRAINT auth_group_name_key UNIQUE (name);


--
-- Name: auth_group_permissions auth_group_permissions_group_id_permission_id_0cd325b0_uniq; Type: CONSTRAINT; Schema: public; Owner: chakri
--

ALTER TABLE ONLY public.auth_group_permissions
    ADD CONSTRAINT auth_group_permissions_group_id_permission_id_0cd325b0_uniq UNIQUE (group_id, permission_id);


--
-- Name: auth_group_permissions auth_group_permissions_pkey; Type: CONSTRAINT; Schema: public; Owner: chakri
--

ALTER TABLE ONLY public.auth_group_permissions
    ADD CONSTRAINT auth_group_permissions_pkey PRIMARY KEY (id);


--
-- Name: auth_group auth_group_pkey; Type: CONSTRAINT; Schema: public; Owner: chakri
--

ALTER TABLE ONLY public.auth_group
    ADD CONSTRAINT auth_group_pkey PRIMARY KEY (id);


--
-- Name: auth_permission auth_permission_content_type_id_codename_01ab375a_uniq; Type: CONSTRAINT; Schema: public; Owner: chakri
--

ALTER TABLE ONLY public.auth_permission
    ADD CONSTRAINT auth_permission_content_type_id_codename_01ab375a_uniq UNIQUE (content_type_id, codename);


--
-- Name: auth_permission auth_permission_pkey; Type: CONSTRAINT; Schema: public; Owner: chakri
--

ALTER TABLE ONLY public.auth_permission
    ADD CONSTRAINT auth_permission_pkey PRIMARY KEY (id);


--
-- Name: auth_user_groups auth_user_groups_pkey; Type: CONSTRAINT; Schema: public; Owner: chakri
--

ALTER TABLE ONLY public.auth_user_groups
    ADD CONSTRAINT auth_user_groups_pkey PRIMARY KEY (id);


--
-- Name: auth_user_groups auth_user_groups_user_id_group_id_94350c0c_uniq; Type: CONSTRAINT; Schema: public; Owner: chakri
--

ALTER TABLE ONLY public.auth_user_groups
    ADD CONSTRAINT auth_user_groups_user_id_group_id_94350c0c_uniq UNIQUE (user_id, group_id);


--
-- Name: auth_user auth_user_pkey; Type: CONSTRAINT; Schema: public; Owner: chakri
--

ALTER TABLE ONLY public.auth_user
    ADD CONSTRAINT auth_user_pkey PRIMARY KEY (id);


--
-- Name: auth_user_user_permissions auth_user_user_permissions_pkey; Type: CONSTRAINT; Schema: public; Owner: chakri
--

ALTER TABLE ONLY public.auth_user_user_permissions
    ADD CONSTRAINT auth_user_user_permissions_pkey PRIMARY KEY (id);


--
-- Name: auth_user_user_permissions auth_user_user_permissions_user_id_permission_id_14a6b632_uniq; Type: CONSTRAINT; Schema: public; Owner: chakri
--

ALTER TABLE ONLY public.auth_user_user_permissions
    ADD CONSTRAINT auth_user_user_permissions_user_id_permission_id_14a6b632_uniq UNIQUE (user_id, permission_id);


--
-- Name: auth_user auth_user_username_key; Type: CONSTRAINT; Schema: public; Owner: chakri
--

ALTER TABLE ONLY public.auth_user
    ADD CONSTRAINT auth_user_username_key UNIQUE (username);


--
-- Name: django_admin_log django_admin_log_pkey; Type: CONSTRAINT; Schema: public; Owner: chakri
--

ALTER TABLE ONLY public.django_admin_log
    ADD CONSTRAINT django_admin_log_pkey PRIMARY KEY (id);


--
-- Name: django_content_type django_content_type_app_label_model_76bd3d3b_uniq; Type: CONSTRAINT; Schema: public; Owner: chakri
--

ALTER TABLE ONLY public.django_content_type
    ADD CONSTRAINT django_content_type_app_label_model_76bd3d3b_uniq UNIQUE (app_label, model);


--
-- Name: django_content_type django_content_type_pkey; Type: CONSTRAINT; Schema: public; Owner: chakri
--

ALTER TABLE ONLY public.django_content_type
    ADD CONSTRAINT django_content_type_pkey PRIMARY KEY (id);


--
-- Name: django_migrations django_migrations_pkey; Type: CONSTRAINT; Schema: public; Owner: chakri
--

ALTER TABLE ONLY public.django_migrations
    ADD CONSTRAINT django_migrations_pkey PRIMARY KEY (id);


--
-- Name: django_session django_session_pkey; Type: CONSTRAINT; Schema: public; Owner: chakri
--

ALTER TABLE ONLY public.django_session
    ADD CONSTRAINT django_session_pkey PRIMARY KEY (session_key);


--
-- Name: store_cart store_cart_pkey; Type: CONSTRAINT; Schema: public; Owner: chakri
--

ALTER TABLE ONLY public.store_cart
    ADD CONSTRAINT store_cart_pkey PRIMARY KEY (id);


--
-- Name: store_cartitem store_cartitem_pkey; Type: CONSTRAINT; Schema: public; Owner: chakri
--

ALTER TABLE ONLY public.store_cartitem
    ADD CONSTRAINT store_cartitem_pkey PRIMARY KEY (id);


--
-- Name: store_catogory store_catogory_name_key; Type: CONSTRAINT; Schema: public; Owner: chakri
--

ALTER TABLE ONLY public.store_catogory
    ADD CONSTRAINT store_catogory_name_key UNIQUE (name);


--
-- Name: store_catogory store_catogory_pkey; Type: CONSTRAINT; Schema: public; Owner: chakri
--

ALTER TABLE ONLY public.store_catogory
    ADD CONSTRAINT store_catogory_pkey PRIMARY KEY (id);


--
-- Name: store_catogory store_catogory_slug_key; Type: CONSTRAINT; Schema: public; Owner: chakri
--

ALTER TABLE ONLY public.store_catogory
    ADD CONSTRAINT store_catogory_slug_key UNIQUE (slug);


--
-- Name: store_order store_order_pkey; Type: CONSTRAINT; Schema: public; Owner: chakri
--

ALTER TABLE ONLY public.store_order
    ADD CONSTRAINT store_order_pkey PRIMARY KEY (id);


--
-- Name: store_orderitem store_orderitem_pkey; Type: CONSTRAINT; Schema: public; Owner: chakri
--

ALTER TABLE ONLY public.store_orderitem
    ADD CONSTRAINT store_orderitem_pkey PRIMARY KEY (id);


--
-- Name: store_product store_product_pkey; Type: CONSTRAINT; Schema: public; Owner: chakri
--

ALTER TABLE ONLY public.store_product
    ADD CONSTRAINT store_product_pkey PRIMARY KEY (id);


--
-- Name: store_userprofile store_userprofile_pkey; Type: CONSTRAINT; Schema: public; Owner: chakri
--

ALTER TABLE ONLY public.store_userprofile
    ADD CONSTRAINT store_userprofile_pkey PRIMARY KEY (id);


--
-- Name: store_userprofile store_userprofile_user_id_key; Type: CONSTRAINT; Schema: public; Owner: chakri
--

ALTER TABLE ONLY public.store_userprofile
    ADD CONSTRAINT store_userprofile_user_id_key UNIQUE (user_id);


--
-- Name: auth_group_name_a6ea08ec_like; Type: INDEX; Schema: public; Owner: chakri
--

CREATE INDEX auth_group_name_a6ea08ec_like ON public.auth_group USING btree (name varchar_pattern_ops);


--
-- Name: auth_group_permissions_group_id_b120cbf9; Type: INDEX; Schema: public; Owner: chakri
--

CREATE INDEX auth_group_permissions_group_id_b120cbf9 ON public.auth_group_permissions USING btree (group_id);


--
-- Name: auth_group_permissions_permission_id_84c5c92e; Type: INDEX; Schema: public; Owner: chakri
--

CREATE INDEX auth_group_permissions_permission_id_84c5c92e ON public.auth_group_permissions USING btree (permission_id);


--
-- Name: auth_permission_content_type_id_2f476e4b; Type: INDEX; Schema: public; Owner: chakri
--

CREATE INDEX auth_permission_content_type_id_2f476e4b ON public.auth_permission USING btree (content_type_id);


--
-- Name: auth_user_groups_group_id_97559544; Type: INDEX; Schema: public; Owner: chakri
--

CREATE INDEX auth_user_groups_group_id_97559544 ON public.auth_user_groups USING btree (group_id);


--
-- Name: auth_user_groups_user_id_6a12ed8b; Type: INDEX; Schema: public; Owner: chakri
--

CREATE INDEX auth_user_groups_user_id_6a12ed8b ON public.auth_user_groups USING btree (user_id);


--
-- Name: auth_user_user_permissions_permission_id_1fbb5f2c; Type: INDEX; Schema: public; Owner: chakri
--

CREATE INDEX auth_user_user_permissions_permission_id_1fbb5f2c ON public.auth_user_user_permissions USING btree (permission_id);


--
-- Name: auth_user_user_permissions_user_id_a95ead1b; Type: INDEX; Schema: public; Owner: chakri
--

CREATE INDEX auth_user_user_permissions_user_id_a95ead1b ON public.auth_user_user_permissions USING btree (user_id);


--
-- Name: auth_user_username_6821ab7c_like; Type: INDEX; Schema: public; Owner: chakri
--

CREATE INDEX auth_user_username_6821ab7c_like ON public.auth_user USING btree (username varchar_pattern_ops);


--
-- Name: django_admin_log_content_type_id_c4bce8eb; Type: INDEX; Schema: public; Owner: chakri
--

CREATE INDEX django_admin_log_content_type_id_c4bce8eb ON public.django_admin_log USING btree (content_type_id);


--
-- Name: django_admin_log_user_id_c564eba6; Type: INDEX; Schema: public; Owner: chakri
--

CREATE INDEX django_admin_log_user_id_c564eba6 ON public.django_admin_log USING btree (user_id);


--
-- Name: django_session_expire_date_a5c62663; Type: INDEX; Schema: public; Owner: chakri
--

CREATE INDEX django_session_expire_date_a5c62663 ON public.django_session USING btree (expire_date);


--
-- Name: django_session_session_key_c0390e0f_like; Type: INDEX; Schema: public; Owner: chakri
--

CREATE INDEX django_session_session_key_c0390e0f_like ON public.django_session USING btree (session_key varchar_pattern_ops);


--
-- Name: store_cart_user_id_99e99107; Type: INDEX; Schema: public; Owner: chakri
--

CREATE INDEX store_cart_user_id_99e99107 ON public.store_cart USING btree (user_id);


--
-- Name: store_cartitem_cart_id_4f60ac05; Type: INDEX; Schema: public; Owner: chakri
--

CREATE INDEX store_cartitem_cart_id_4f60ac05 ON public.store_cartitem USING btree (cart_id);


--
-- Name: store_cartitem_product_id_4238d443; Type: INDEX; Schema: public; Owner: chakri
--

CREATE INDEX store_cartitem_product_id_4238d443 ON public.store_cartitem USING btree (product_id);


--
-- Name: store_catogory_name_47f16067_like; Type: INDEX; Schema: public; Owner: chakri
--

CREATE INDEX store_catogory_name_47f16067_like ON public.store_catogory USING btree (name varchar_pattern_ops);


--
-- Name: store_catogory_slug_2e2321fa_like; Type: INDEX; Schema: public; Owner: chakri
--

CREATE INDEX store_catogory_slug_2e2321fa_like ON public.store_catogory USING btree (slug varchar_pattern_ops);


--
-- Name: store_order_user_id_ae5f7a5f; Type: INDEX; Schema: public; Owner: chakri
--

CREATE INDEX store_order_user_id_ae5f7a5f ON public.store_order USING btree (user_id);


--
-- Name: store_orderitem_order_id_acf8722d; Type: INDEX; Schema: public; Owner: chakri
--

CREATE INDEX store_orderitem_order_id_acf8722d ON public.store_orderitem USING btree (order_id);


--
-- Name: store_orderitem_product_id_f2b098d4; Type: INDEX; Schema: public; Owner: chakri
--

CREATE INDEX store_orderitem_product_id_f2b098d4 ON public.store_orderitem USING btree (product_id);


--
-- Name: store_product_catogory_id_88a677a1; Type: INDEX; Schema: public; Owner: chakri
--

CREATE INDEX store_product_catogory_id_88a677a1 ON public.store_product USING btree (catogory_id);


--
-- Name: auth_group_permissions auth_group_permissio_permission_id_84c5c92e_fk_auth_perm; Type: FK CONSTRAINT; Schema: public; Owner: chakri
--

ALTER TABLE ONLY public.auth_group_permissions
    ADD CONSTRAINT auth_group_permissio_permission_id_84c5c92e_fk_auth_perm FOREIGN KEY (permission_id) REFERENCES public.auth_permission(id) DEFERRABLE INITIALLY DEFERRED;


--
-- Name: auth_group_permissions auth_group_permissions_group_id_b120cbf9_fk_auth_group_id; Type: FK CONSTRAINT; Schema: public; Owner: chakri
--

ALTER TABLE ONLY public.auth_group_permissions
    ADD CONSTRAINT auth_group_permissions_group_id_b120cbf9_fk_auth_group_id FOREIGN KEY (group_id) REFERENCES public.auth_group(id) DEFERRABLE INITIALLY DEFERRED;


--
-- Name: auth_permission auth_permission_content_type_id_2f476e4b_fk_django_co; Type: FK CONSTRAINT; Schema: public; Owner: chakri
--

ALTER TABLE ONLY public.auth_permission
    ADD CONSTRAINT auth_permission_content_type_id_2f476e4b_fk_django_co FOREIGN KEY (content_type_id) REFERENCES public.django_content_type(id) DEFERRABLE INITIALLY DEFERRED;


--
-- Name: auth_user_groups auth_user_groups_group_id_97559544_fk_auth_group_id; Type: FK CONSTRAINT; Schema: public; Owner: chakri
--

ALTER TABLE ONLY public.auth_user_groups
    ADD CONSTRAINT auth_user_groups_group_id_97559544_fk_auth_group_id FOREIGN KEY (group_id) REFERENCES public.auth_group(id) DEFERRABLE INITIALLY DEFERRED;


--
-- Name: auth_user_groups auth_user_groups_user_id_6a12ed8b_fk_auth_user_id; Type: FK CONSTRAINT; Schema: public; Owner: chakri
--

ALTER TABLE ONLY public.auth_user_groups
    ADD CONSTRAINT auth_user_groups_user_id_6a12ed8b_fk_auth_user_id FOREIGN KEY (user_id) REFERENCES public.auth_user(id) DEFERRABLE INITIALLY DEFERRED;


--
-- Name: auth_user_user_permissions auth_user_user_permi_permission_id_1fbb5f2c_fk_auth_perm; Type: FK CONSTRAINT; Schema: public; Owner: chakri
--

ALTER TABLE ONLY public.auth_user_user_permissions
    ADD CONSTRAINT auth_user_user_permi_permission_id_1fbb5f2c_fk_auth_perm FOREIGN KEY (permission_id) REFERENCES public.auth_permission(id) DEFERRABLE INITIALLY DEFERRED;


--
-- Name: auth_user_user_permissions auth_user_user_permissions_user_id_a95ead1b_fk_auth_user_id; Type: FK CONSTRAINT; Schema: public; Owner: chakri
--

ALTER TABLE ONLY public.auth_user_user_permissions
    ADD CONSTRAINT auth_user_user_permissions_user_id_a95ead1b_fk_auth_user_id FOREIGN KEY (user_id) REFERENCES public.auth_user(id) DEFERRABLE INITIALLY DEFERRED;


--
-- Name: django_admin_log django_admin_log_content_type_id_c4bce8eb_fk_django_co; Type: FK CONSTRAINT; Schema: public; Owner: chakri
--

ALTER TABLE ONLY public.django_admin_log
    ADD CONSTRAINT django_admin_log_content_type_id_c4bce8eb_fk_django_co FOREIGN KEY (content_type_id) REFERENCES public.django_content_type(id) DEFERRABLE INITIALLY DEFERRED;


--
-- Name: django_admin_log django_admin_log_user_id_c564eba6_fk_auth_user_id; Type: FK CONSTRAINT; Schema: public; Owner: chakri
--

ALTER TABLE ONLY public.django_admin_log
    ADD CONSTRAINT django_admin_log_user_id_c564eba6_fk_auth_user_id FOREIGN KEY (user_id) REFERENCES public.auth_user(id) DEFERRABLE INITIALLY DEFERRED;


--
-- Name: store_cart store_cart_user_id_99e99107_fk_auth_user_id; Type: FK CONSTRAINT; Schema: public; Owner: chakri
--

ALTER TABLE ONLY public.store_cart
    ADD CONSTRAINT store_cart_user_id_99e99107_fk_auth_user_id FOREIGN KEY (user_id) REFERENCES public.auth_user(id) DEFERRABLE INITIALLY DEFERRED;


--
-- Name: store_cartitem store_cartitem_cart_id_4f60ac05_fk_store_cart_id; Type: FK CONSTRAINT; Schema: public; Owner: chakri
--

ALTER TABLE ONLY public.store_cartitem
    ADD CONSTRAINT store_cartitem_cart_id_4f60ac05_fk_store_cart_id FOREIGN KEY (cart_id) REFERENCES public.store_cart(id) DEFERRABLE INITIALLY DEFERRED;


--
-- Name: store_cartitem store_cartitem_product_id_4238d443_fk_store_product_id; Type: FK CONSTRAINT; Schema: public; Owner: chakri
--

ALTER TABLE ONLY public.store_cartitem
    ADD CONSTRAINT store_cartitem_product_id_4238d443_fk_store_product_id FOREIGN KEY (product_id) REFERENCES public.store_product(id) DEFERRABLE INITIALLY DEFERRED;


--
-- Name: store_order store_order_user_id_ae5f7a5f_fk_auth_user_id; Type: FK CONSTRAINT; Schema: public; Owner: chakri
--

ALTER TABLE ONLY public.store_order
    ADD CONSTRAINT store_order_user_id_ae5f7a5f_fk_auth_user_id FOREIGN KEY (user_id) REFERENCES public.auth_user(id) DEFERRABLE INITIALLY DEFERRED;


--
-- Name: store_orderitem store_orderitem_order_id_acf8722d_fk_store_order_id; Type: FK CONSTRAINT; Schema: public; Owner: chakri
--

ALTER TABLE ONLY public.store_orderitem
    ADD CONSTRAINT store_orderitem_order_id_acf8722d_fk_store_order_id FOREIGN KEY (order_id) REFERENCES public.store_order(id) DEFERRABLE INITIALLY DEFERRED;


--
-- Name: store_orderitem store_orderitem_product_id_f2b098d4_fk_store_product_id; Type: FK CONSTRAINT; Schema: public; Owner: chakri
--

ALTER TABLE ONLY public.store_orderitem
    ADD CONSTRAINT store_orderitem_product_id_f2b098d4_fk_store_product_id FOREIGN KEY (product_id) REFERENCES public.store_product(id) DEFERRABLE INITIALLY DEFERRED;


--
-- Name: store_product store_product_catogory_id_88a677a1_fk_store_catogory_id; Type: FK CONSTRAINT; Schema: public; Owner: chakri
--

ALTER TABLE ONLY public.store_product
    ADD CONSTRAINT store_product_catogory_id_88a677a1_fk_store_catogory_id FOREIGN KEY (catogory_id) REFERENCES public.store_catogory(id) DEFERRABLE INITIALLY DEFERRED;


--
-- Name: store_userprofile store_userprofile_user_id_6db609dc_fk_auth_user_id; Type: FK CONSTRAINT; Schema: public; Owner: chakri
--

ALTER TABLE ONLY public.store_userprofile
    ADD CONSTRAINT store_userprofile_user_id_6db609dc_fk_auth_user_id FOREIGN KEY (user_id) REFERENCES public.auth_user(id) DEFERRABLE INITIALLY DEFERRED;


--
-- Name: SCHEMA public; Type: ACL; Schema: -; Owner: postgres
--

REVOKE USAGE ON SCHEMA public FROM PUBLIC;
GRANT ALL ON SCHEMA public TO PUBLIC;


--
-- PostgreSQL database dump complete
--

\unrestrict 8hVv0VSmzRxznmEb5pFLBkklTpwKUL5hXhb3IQ1rNDbaqO04GH2aSpmglC5Wmli

